title,company,location,url,email
Assistant Retail Manager,Granite Club,"Lawrence Park, City of Toronto",https://www.adzuna.ca/details/5518349534?utm_medium=api&utm_source=97ecfb79,"Subject: Application for Assistant Retail Manager – John Smith

Dear Hiring Manager,

I am writing to express my interest in the Assistant Retail Manager position at Granite Club in Lawrence Park. With a strong background in retail and customer service, I am confident in my ability to contribute positively to your team.

My experience includes customer service, data entry, and retail operations, along with proficiency in Microsoft Excel and Python, which enable me to support data-driven decision-making and streamline administrative processes. I am passionate about delivering exceptional member experiences and thrive in fast-paced environments.

I am excited about the opportunity to bring my skills to Granite Club and support your retail operations. Please find my resume attached for your review. I would welcome the chance to discuss how I can contribute to your team.

Thank you for your time and consideration.

Sincerely,
John Smith"
Retail Store Manager,VG Meats,"Studio District, City of Toronto",https://www.adzuna.ca/details/5392267284?utm_medium=api&utm_source=97ecfb79,"Subject: Application for Retail Store Manager – John Smith

Dear Hiring Manager,

I am writing to express my interest in the Retail Store Manager position at VG Meats in the Studio District, Toronto. With a strong background in retail and customer service, I am confident in my ability to lead your team and deliver an exceptional shopping experience.

My experience includes customer service, retail operations, and data management using tools such as Excel and Python, allowing me to efficiently handle reporting, inventory tracking, and data entry tasks. I thrive in fast-paced environments and am passionate about building positive customer relationships and supporting team success.

I am excited about the opportunity to contribute to VG Meats and would welcome the chance to discuss how my skills align with your needs.

Thank you for your time and consideration.

Sincerely,
John Smith
[Phone Number]
[Email Address]"
Retail Store Manager,Umbra,"Grange Park, City of Toronto",https://www.adzuna.ca/details/5712870596?utm_medium=api&utm_source=97ecfb79,"Subject: Application for Retail Store Manager – Grange Park Location

Dear Hiring Manager,

I am writing to express my interest in the Retail Store Manager position at Umbra's Grange Park location in Toronto. With a strong background in retail and customer service, I am confident in my ability to lead your team and deliver an exceptional in-store experience.

My skill set includes hands-on retail experience, customer service excellence, and strong organizational abilities supported by proficiency in Excel and data entry. My background in Python further allows me to contribute to data-driven decision-making and operational efficiency.

I am passionate about Umbra's creative brand identity and would welcome the opportunity to contribute to its continued success. I have attached my resume for your review and would love to discuss how my skills align with your needs.

Thank you for your time and consideration.

Sincerely,
John Smith"
Retail Store Manager,VG Meats,"Summerhill, City of Toronto",https://www.adzuna.ca/details/5414889285?utm_medium=api&utm_source=97ecfb79,"Subject: Application for Retail Store Manager – John Smith

Dear Hiring Manager,

I am writing to express my interest in the Retail Store Manager position at VG Meats in Summerhill. With a strong background in retail and customer service, I am confident in my ability to contribute positively to your team.

My experience includes customer-facing roles where I have consistently prioritized exceptional service and operational efficiency. I also bring proficiency in data entry, Excel, and Python, allowing me to manage inventory, analyze sales data, and streamline store operations effectively.

I am drawn to VG Meats' reputation as a trusted local butcher and am eager to support your continued success in the Summerhill community.

I would welcome the opportunity to discuss how my skills align with your needs. Please find my resume attached for your review.

Thank you for your time and consideration.

Sincerely,
John Smith"
Retail Store Manager,Lovisa,"Scarborough, Toronto",https://www.adzuna.ca/details/5603494075?utm_medium=api&utm_source=97ecfb79,"Subject: Application for Retail Store Manager – Lovisa Scarborough

Dear Hiring Manager,

I am writing to express my interest in the Retail Store Manager position at Lovisa's Scarborough, Toronto location. My background in retail and customer service, combined with strong organizational skills, makes me a confident fit for this role.

With hands-on experience in retail operations and customer service, I understand the importance of delivering an exceptional shopping experience. My proficiency in Excel and data entry allows me to efficiently manage inventory, reporting, and daily store operations. Additionally, my Python skills support data-driven decision-making to help drive sales performance.

I am passionate about leading teams, exceeding targets, and representing a brand with enthusiasm and professionalism. I would welcome the opportunity to contribute to Lovisa's continued success.

Thank you for your time and consideration.

Sincerely,
John Smith
[Phone Number]
[Email Address]"
