title,company,url,matched_skills,email
Senior Data Scientist,Lemon.io,https://remotive.com/remote-jobs/data/senior-data-scientist-2090982,"python, flask","Subject: Application for Senior Data Scientist Position

Dear Lemon.io Hiring Team,

I am writing to express my interest in the Senior Data Scientist position at Lemon.io. With a strong background in data science and hands-on expertise in Python and Flask, I am confident in my ability to contribute meaningfully to your team.

I have extensive experience leveraging Python for data analysis, machine learning, and building predictive models. Additionally, my proficiency in Flask has enabled me to develop and deploy scalable data-driven APIs and web applications, bridging the gap between data science and production environments.

I am passionate about transforming complex data into actionable insights and building efficient, end-to-end solutions. I would welcome the opportunity to bring my technical skills and problem-solving mindset to Lemon.io.

I have attached my resume for your review. I look forward to discussing how I can add value to your team.

Best regards,
[Your Name]"
iOS Developer,nooro,https://remotive.com/remote-jobs/software-development/ios-developer-1956455,api,"Subject: Application for iOS Developer Position at Nooro

Dear Hiring Manager,

I am writing to express my interest in the iOS Developer position at Nooro. With strong experience in API integration and development, I am confident in my ability to contribute effectively to your team.

Throughout my career, I have developed and maintained iOS applications with a focus on building robust API connections, handling RESTful services, and ensuring seamless data communication between mobile clients and backend systems. I am passionate about writing clean, efficient code and delivering exceptional user experiences.

I am excited about the opportunity to bring my technical skills to Nooro and contribute to building innovative mobile solutions. I would welcome the chance to discuss how my experience aligns with your team's needs.

Thank you for considering my application. I look forward to hearing from you.

Best regards,
[Your Name]
[Phone Number]
[Email Address]"
Senior Full-stack React Developer,Lemon.io,https://remotive.com/remote-jobs/software-development/senior-full-stack-react-developer-2088711,"python, flask","Subject: Application for Senior Full-stack React Developer Position

Dear Lemon.io Hiring Team,

I am writing to express my interest in the Senior Full-stack React Developer position at Lemon.io.

While my primary expertise lies in back-end development with **Python** and **Flask**, I have a solid understanding of full-stack principles and am actively expanding my front-end skills in React. My strong back-end foundation enables me to build robust APIs, design scalable architectures, and collaborate effectively with front-end teams to deliver seamless end-to-end solutions.

I am a quick learner, passionate about growing into a well-rounded full-stack developer, and I am confident that my Python and Flask proficiency would bring immediate value to your back-end needs while I continue strengthening my React capabilities.

I would welcome the opportunity to discuss how my skills can contribute to your team. My resume is attached for your review.

Thank you for your consideration.

Best regards,
[Your Name]"
Tech Lead Full-Stack Rails Engineer,Mitre Media,https://remotive.com/remote-jobs/software-development/tech-lead-full-stack-rails-engineer-2069746,api,"Subject: Application for Tech Lead Full-Stack Rails Engineer

Dear Hiring Team at Mitre Media,

I am writing to express my strong interest in the Tech Lead Full-Stack Rails Engineer position. With solid experience in full-stack development and a particular strength in API design and integration, I am confident I can contribute meaningfully to your team.

Throughout my career, I have built and maintained robust API architectures that drive seamless communication between systems and deliver exceptional user experiences. I am passionate about writing clean, scalable code and leading teams toward technical excellence.

I am excited about the opportunity to bring my technical expertise and leadership skills to Mitre Media, helping drive product innovation and mentor fellow engineers.

I would welcome the chance to discuss how my background aligns with your team's goals. Please find my resume attached for your review.

Thank you for your consideration.

Best regards,
[Your Name]
[Your Contact Information]"
